{"cameraMode":{"drawMode":0,"name":"Shaded","section":"Shading Mode"},"sceneLighting":false,"audioPlay":false,"sceneViewState":{"m_AlwaysRefresh":false,"showFog":true,"showSkybox":false,"showFlares":true,"showImageEffects":true,"showParticleSystems":true,"showVisualEffectGraphs":true,"m_FxEnabled":true},"in2DMode":false,"pivot":{"x":0.034603189677000049,"y":-0.0283269751816988,"z":-0.03226930648088455},"rotation":{"x":-0.14377732574939729,"y":-0.7791209816932678,"z":0.19332173466682435,"w":-0.5787826776504517},"size":0.2442360669374466,"orthographic":false}